modelo,accuracy,precision,recall,f1_score
Regresión Logística,0.8626978304160989,0.898009393871617,0.8246046416101869,0.8597430406852249
