modelo,accuracy,precision,recall,f1_score
Regresión Logística,0.8626978304160989,0.898009393871617,0.8246046416101869,0.8597430406852249
CNN_HateSpeech_Model,0.8610208573524788,0.9190397740644858,0.7990587272355228,0.8548598949211909
CNN_HateSpeech_Model,0.8617545330678126,0.9265901482544238,0.7929199918150195,0.8545594883669644
